Driver,LapNumber,LapTimeSeconds,TyreLife,Team,Compound_HARD,Compound_MEDIUM,Compound_SOFT
VER,1.0,99.019,4.0,Red Bull Racing,False,False,True
VER,2.0,97.974,5.0,Red Bull Racing,False,False,True
VER,3.0,98.006,6.0,Red Bull Racing,False,False,True
VER,4.0,97.976,7.0,Red Bull Racing,False,False,True
VER,5.0,98.035,8.0,Red Bull Racing,False,False,True
VER,6.0,97.986,9.0,Red Bull Racing,False,False,True
VER,7.0,98.021,10.0,Red Bull Racing,False,False,True
VER,8.0,98.154,11.0,Red Bull Racing,False,False,True
VER,9.0,98.278,12.0,Red Bull Racing,False,False,True
VER,10.0,98.369,13.0,Red Bull Racing,False,False,True
VER,11.0,98.483,14.0,Red Bull Racing,False,False,True
VER,12.0,98.591,15.0,Red Bull Racing,False,False,True
VER,13.0,98.482,16.0,Red Bull Racing,False,False,True
VER,16.0,97.801,2.0,Red Bull Racing,False,False,True
VER,17.0,97.648,3.0,Red Bull Racing,False,False,True
VER,18.0,97.614,4.0,Red Bull Racing,False,False,True
VER,19.0,97.712,5.0,Red Bull Racing,False,False,True
VER,20.0,97.788,6.0,Red Bull Racing,False,False,True
VER,21.0,97.582,7.0,Red Bull Racing,False,False,True
VER,22.0,97.651,8.0,Red Bull Racing,False,False,True
VER,23.0,97.552,9.0,Red Bull Racing,False,False,True
VER,24.0,97.387,10.0,Red Bull Racing,False,False,True
VER,25.0,97.372,11.0,Red Bull Racing,False,False,True
VER,26.0,97.682,12.0,Red Bull Racing,False,False,True
VER,27.0,97.379,13.0,Red Bull Racing,False,False,True
VER,28.0,97.651,14.0,Red Bull Racing,False,False,True
VER,29.0,97.571,15.0,Red Bull Racing,False,False,True
VER,30.0,97.549,16.0,Red Bull Racing,False,False,True
VER,31.0,97.431,17.0,Red Bull Racing,False,False,True
VER,32.0,97.691,18.0,Red Bull Racing,False,False,True
VER,33.0,97.686,19.0,Red Bull Racing,False,False,True
VER,34.0,97.839,20.0,Red Bull Racing,False,False,True
VER,35.0,97.85,21.0,Red Bull Racing,False,False,True
VER,38.0,96.297,2.0,Red Bull Racing,True,False,False
VER,39.0,96.446,3.0,Red Bull Racing,True,False,False
VER,40.0,96.942,4.0,Red Bull Racing,True,False,False
VER,43.0,96.89,7.0,Red Bull Racing,True,False,False
VER,44.0,96.236,8.0,Red Bull Racing,True,False,False
VER,45.0,97.015,9.0,Red Bull Racing,True,False,False
VER,46.0,96.701,10.0,Red Bull Racing,True,False,False
VER,47.0,97.009,11.0,Red Bull Racing,True,False,False
VER,48.0,96.918,12.0,Red Bull Racing,True,False,False
VER,49.0,96.962,13.0,Red Bull Racing,True,False,False
VER,50.0,97.25,14.0,Red Bull Racing,True,False,False
VER,51.0,97.427,15.0,Red Bull Racing,True,False,False
VER,52.0,96.919,16.0,Red Bull Racing,True,False,False
VER,53.0,96.89,17.0,Red Bull Racing,True,False,False
VER,54.0,96.678,18.0,Red Bull Racing,True,False,False
VER,55.0,96.322,19.0,Red Bull Racing,True,False,False
VER,56.0,97.205,20.0,Red Bull Racing,True,False,False
VER,57.0,96.373,21.0,Red Bull Racing,True,False,False
GAS,2.0,100.438,2.0,Alpine,False,False,True
GAS,11.0,98.762,2.0,Alpine,True,False,False
GAS,12.0,98.928,3.0,Alpine,True,False,False
GAS,13.0,99.349,4.0,Alpine,True,False,False
GAS,14.0,98.859,5.0,Alpine,True,False,False
GAS,15.0,98.985,6.0,Alpine,True,False,False
GAS,16.0,98.945,7.0,Alpine,True,False,False
GAS,17.0,99.011,8.0,Alpine,True,False,False
GAS,18.0,99.029,9.0,Alpine,True,False,False
GAS,19.0,99.066,10.0,Alpine,True,False,False
GAS,20.0,99.017,11.0,Alpine,True,False,False
GAS,21.0,99.327,12.0,Alpine,True,False,False
GAS,22.0,99.485,13.0,Alpine,True,False,False
GAS,23.0,99.263,14.0,Alpine,True,False,False
GAS,24.0,99.761,15.0,Alpine,True,False,False
GAS,27.0,98.729,2.0,Alpine,True,False,False
GAS,28.0,97.761,3.0,Alpine,True,False,False
GAS,29.0,98.012,4.0,Alpine,True,False,False
GAS,30.0,97.76,5.0,Alpine,True,False,False
GAS,31.0,97.968,6.0,Alpine,True,False,False
GAS,32.0,98.012,7.0,Alpine,True,False,False
GAS,33.0,97.974,8.0,Alpine,True,False,False
GAS,34.0,98.022,9.0,Alpine,True,False,False
GAS,35.0,98.088,10.0,Alpine,True,False,False
GAS,36.0,98.184,11.0,Alpine,True,False,False
GAS,37.0,98.133,12.0,Alpine,True,False,False
GAS,38.0,98.108,13.0,Alpine,True,False,False
GAS,39.0,98.537,14.0,Alpine,True,False,False
GAS,42.0,95.068,2.0,Alpine,False,False,True
GAS,43.0,95.942,3.0,Alpine,False,False,True
GAS,44.0,95.792,4.0,Alpine,False,False,True
GAS,45.0,96.186,5.0,Alpine,False,False,True
GAS,46.0,96.041,6.0,Alpine,False,False,True
GAS,47.0,96.12,7.0,Alpine,False,False,True
GAS,48.0,96.368,8.0,Alpine,False,False,True
GAS,49.0,96.803,9.0,Alpine,False,False,True
GAS,50.0,96.551,10.0,Alpine,False,False,True
GAS,51.0,96.635,11.0,Alpine,False,False,True
GAS,52.0,96.891,12.0,Alpine,False,False,True
GAS,53.0,96.979,13.0,Alpine,False,False,True
GAS,54.0,97.222,14.0,Alpine,False,False,True
GAS,55.0,97.559,15.0,Alpine,False,False,True
GAS,56.0,97.845,16.0,Alpine,False,False,True
GAS,57.0,98.147,17.0,Alpine,False,False,True
PER,2.0,98.862,5.0,Red Bull Racing,False,False,True
PER,3.0,98.83,6.0,Red Bull Racing,False,False,True
PER,4.0,98.758,7.0,Red Bull Racing,False,False,True
PER,5.0,98.404,8.0,Red Bull Racing,False,False,True
PER,6.0,98.718,9.0,Red Bull Racing,False,False,True
PER,7.0,98.804,10.0,Red Bull Racing,False,False,True
PER,8.0,99.172,11.0,Red Bull Racing,False,False,True
PER,9.0,98.914,12.0,Red Bull Racing,False,False,True
PER,10.0,99.085,13.0,Red Bull Racing,False,False,True
PER,11.0,99.249,14.0,Red Bull Racing,False,False,True
PER,12.0,99.197,15.0,Red Bull Racing,False,False,True
PER,13.0,99.336,16.0,Red Bull Racing,False,False,True
PER,14.0,98.739,17.0,Red Bull Racing,False,False,True
PER,15.0,98.608,18.0,Red Bull Racing,False,False,True
PER,16.0,98.77,19.0,Red Bull Racing,False,False,True
PER,19.0,97.659,4.0,Red Bull Racing,False,False,True
PER,20.0,97.448,5.0,Red Bull Racing,False,False,True
PER,21.0,97.24,6.0,Red Bull Racing,False,False,True
PER,22.0,97.169,7.0,Red Bull Racing,False,False,True
PER,23.0,97.304,8.0,Red Bull Racing,False,False,True
PER,24.0,97.352,9.0,Red Bull Racing,False,False,True
PER,25.0,98.418,10.0,Red Bull Racing,False,False,True
PER,26.0,97.454,11.0,Red Bull Racing,False,False,True
PER,27.0,97.387,12.0,Red Bull Racing,False,False,True
PER,28.0,97.211,13.0,Red Bull Racing,False,False,True
PER,29.0,97.733,14.0,Red Bull Racing,False,False,True
PER,30.0,97.4,15.0,Red Bull Racing,False,False,True
PER,31.0,97.919,16.0,Red Bull Racing,False,False,True
PER,32.0,97.722,17.0,Red Bull Racing,False,False,True
PER,33.0,97.869,18.0,Red Bull Racing,False,False,True
PER,36.0,96.82,2.0,Red Bull Racing,True,False,False
PER,37.0,96.344,3.0,Red Bull Racing,True,False,False
PER,38.0,96.431,4.0,Red Bull Racing,True,False,False
PER,39.0,96.429,5.0,Red Bull Racing,True,False,False
PER,40.0,97.114,6.0,Red Bull Racing,True,False,False
PER,42.0,99.657,8.0,Red Bull Racing,True,False,False
PER,43.0,96.554,9.0,Red Bull Racing,True,False,False
PER,44.0,96.978,10.0,Red Bull Racing,True,False,False
PER,45.0,96.928,11.0,Red Bull Racing,True,False,False
PER,46.0,97.257,12.0,Red Bull Racing,True,False,False
PER,47.0,96.661,13.0,Red Bull Racing,True,False,False
PER,48.0,96.859,14.0,Red Bull Racing,True,False,False
PER,49.0,97.049,15.0,Red Bull Racing,True,False,False
PER,50.0,97.731,16.0,Red Bull Racing,True,False,False
PER,51.0,97.049,17.0,Red Bull Racing,True,False,False
PER,52.0,97.062,18.0,Red Bull Racing,True,False,False
PER,53.0,97.345,19.0,Red Bull Racing,True,False,False
PER,54.0,97.296,20.0,Red Bull Racing,True,False,False
PER,55.0,97.092,21.0,Red Bull Racing,True,False,False
PER,56.0,96.565,22.0,Red Bull Racing,True,False,False
PER,57.0,96.558,23.0,Red Bull Racing,True,False,False
ALO,2.0,99.792,5.0,Aston Martin,False,False,True
ALO,3.0,99.1,6.0,Aston Martin,False,False,True
ALO,4.0,99.548,7.0,Aston Martin,False,False,True
ALO,5.0,99.662,8.0,Aston Martin,False,False,True
ALO,6.0,99.674,9.0,Aston Martin,False,False,True
ALO,7.0,99.729,10.0,Aston Martin,False,False,True
ALO,8.0,99.959,11.0,Aston Martin,False,False,True
ALO,9.0,100.275,12.0,Aston Martin,False,False,True
ALO,10.0,100.203,13.0,Aston Martin,False,False,True
ALO,13.0,100.341,16.0,Aston Martin,False,False,True
ALO,16.0,97.542,2.0,Aston Martin,True,False,False
ALO,17.0,98.139,3.0,Aston Martin,True,False,False
ALO,18.0,98.124,4.0,Aston Martin,True,False,False
ALO,19.0,98.361,5.0,Aston Martin,True,False,False
ALO,20.0,98.318,6.0,Aston Martin,True,False,False
ALO,21.0,98.407,7.0,Aston Martin,True,False,False
ALO,22.0,98.2,8.0,Aston Martin,True,False,False
ALO,23.0,97.853,9.0,Aston Martin,True,False,False
ALO,24.0,97.878,10.0,Aston Martin,True,False,False
ALO,25.0,98.139,11.0,Aston Martin,True,False,False
ALO,26.0,98.127,12.0,Aston Martin,True,False,False
ALO,27.0,98.612,13.0,Aston Martin,True,False,False
ALO,28.0,98.199,14.0,Aston Martin,True,False,False
ALO,29.0,98.585,15.0,Aston Martin,True,False,False
ALO,30.0,98.282,16.0,Aston Martin,True,False,False
ALO,31.0,98.009,17.0,Aston Martin,True,False,False
ALO,32.0,97.871,18.0,Aston Martin,True,False,False
ALO,33.0,97.769,19.0,Aston Martin,True,False,False
ALO,34.0,100.353,20.0,Aston Martin,True,False,False
ALO,36.0,96.156,2.0,Aston Martin,True,False,False
ALO,37.0,97.431,3.0,Aston Martin,True,False,False
ALO,38.0,97.002,4.0,Aston Martin,True,False,False
ALO,39.0,97.243,5.0,Aston Martin,True,False,False
ALO,40.0,97.208,6.0,Aston Martin,True,False,False
ALO,42.0,96.334,8.0,Aston Martin,True,False,False
ALO,43.0,96.911,9.0,Aston Martin,True,False,False
ALO,44.0,97.022,10.0,Aston Martin,True,False,False
ALO,45.0,97.931,11.0,Aston Martin,True,False,False
ALO,46.0,97.087,12.0,Aston Martin,True,False,False
ALO,47.0,97.326,13.0,Aston Martin,True,False,False
ALO,48.0,96.783,14.0,Aston Martin,True,False,False
ALO,49.0,96.726,15.0,Aston Martin,True,False,False
ALO,50.0,96.331,16.0,Aston Martin,True,False,False
ALO,51.0,96.96,17.0,Aston Martin,True,False,False
ALO,52.0,97.01,18.0,Aston Martin,True,False,False
ALO,53.0,97.01,19.0,Aston Martin,True,False,False
ALO,54.0,97.599,20.0,Aston Martin,True,False,False
ALO,55.0,97.662,21.0,Aston Martin,True,False,False
ALO,56.0,97.473,22.0,Aston Martin,True,False,False
ALO,57.0,97.422,23.0,Aston Martin,True,False,False
LEC,1.0,100.23,1.0,Ferrari,False,False,True
LEC,2.0,98.75,2.0,Ferrari,False,False,True
LEC,3.0,98.658,3.0,Ferrari,False,False,True
LEC,4.0,98.825,4.0,Ferrari,False,False,True
LEC,5.0,98.664,5.0,Ferrari,False,False,True
LEC,6.0,98.572,6.0,Ferrari,False,False,True
LEC,7.0,98.691,7.0,Ferrari,False,False,True
LEC,8.0,98.614,8.0,Ferrari,False,False,True
LEC,9.0,98.828,9.0,Ferrari,False,False,True
LEC,10.0,99.073,10.0,Ferrari,False,False,True
LEC,11.0,99.212,11.0,Ferrari,False,False,True
LEC,12.0,99.489,12.0,Ferrari,False,False,True
LEC,15.0,98.477,2.0,Ferrari,True,False,False
LEC,16.0,97.953,3.0,Ferrari,True,False,False
LEC,17.0,98.031,4.0,Ferrari,True,False,False
LEC,18.0,97.798,5.0,Ferrari,True,False,False
LEC,19.0,97.858,6.0,Ferrari,True,False,False
LEC,20.0,97.631,7.0,Ferrari,True,False,False
LEC,21.0,97.753,8.0,Ferrari,True,False,False
LEC,22.0,98.162,9.0,Ferrari,True,False,False
LEC,23.0,98.054,10.0,Ferrari,True,False,False
LEC,24.0,97.972,11.0,Ferrari,True,False,False
LEC,25.0,98.541,12.0,Ferrari,True,False,False
LEC,26.0,99.668,13.0,Ferrari,True,False,False
LEC,27.0,98.814,14.0,Ferrari,True,False,False
LEC,28.0,98.618,15.0,Ferrari,True,False,False
LEC,29.0,98.447,16.0,Ferrari,True,False,False
LEC,30.0,98.39,17.0,Ferrari,True,False,False
LEC,31.0,98.746,18.0,Ferrari,True,False,False
LEC,32.0,98.948,19.0,Ferrari,True,False,False
LEC,35.0,98.073,2.0,Ferrari,True,False,False
LEC,36.0,97.313,3.0,Ferrari,True,False,False
LEC,37.0,97.17,4.0,Ferrari,True,False,False
LEC,38.0,97.17,5.0,Ferrari,True,False,False
LEC,39.0,97.287,6.0,Ferrari,True,False,False
STR,2.0,99.892,5.0,Aston Martin,False,False,True
STR,3.0,99.625,6.0,Aston Martin,False,False,True
STR,4.0,99.745,7.0,Aston Martin,False,False,True
STR,5.0,99.144,8.0,Aston Martin,False,False,True
STR,6.0,99.714,9.0,Aston Martin,False,False,True
STR,7.0,99.945,10.0,Aston Martin,False,False,True
STR,8.0,99.801,11.0,Aston Martin,False,False,True
STR,9.0,100.106,12.0,Aston Martin,False,False,True
STR,10.0,100.192,13.0,Aston Martin,False,False,True
STR,14.0,100.002,17.0,Aston Martin,False,False,True
STR,17.0,97.507,2.0,Aston Martin,True,False,False
STR,18.0,98.127,3.0,Aston Martin,True,False,False
STR,19.0,98.587,4.0,Aston Martin,True,False,False
STR,20.0,98.038,5.0,Aston Martin,True,False,False
STR,21.0,98.273,6.0,Aston Martin,True,False,False
STR,22.0,98.73,7.0,Aston Martin,True,False,False
STR,23.0,98.295,8.0,Aston Martin,True,False,False
STR,24.0,98.478,9.0,Aston Martin,True,False,False
STR,25.0,98.25,10.0,Aston Martin,True,False,False
STR,26.0,98.482,11.0,Aston Martin,True,False,False
STR,27.0,99.021,12.0,Aston Martin,True,False,False
STR,28.0,98.723,13.0,Aston Martin,True,False,False
STR,29.0,98.71,14.0,Aston Martin,True,False,False
STR,32.0,96.546,2.0,Aston Martin,True,False,False
STR,33.0,97.21,3.0,Aston Martin,True,False,False
STR,34.0,97.168,4.0,Aston Martin,True,False,False
STR,35.0,97.521,5.0,Aston Martin,True,False,False
STR,36.0,97.72,6.0,Aston Martin,True,False,False
STR,37.0,97.68,7.0,Aston Martin,True,False,False
STR,38.0,97.274,8.0,Aston Martin,True,False,False
STR,39.0,97.456,9.0,Aston Martin,True,False,False
STR,40.0,97.916,10.0,Aston Martin,True,False,False
STR,42.0,97.298,12.0,Aston Martin,True,False,False
STR,43.0,97.304,13.0,Aston Martin,True,False,False
STR,44.0,97.299,14.0,Aston Martin,True,False,False
STR,45.0,97.222,15.0,Aston Martin,True,False,False
STR,46.0,97.562,16.0,Aston Martin,True,False,False
STR,47.0,97.257,17.0,Aston Martin,True,False,False
STR,48.0,97.448,18.0,Aston Martin,True,False,False
STR,49.0,97.551,19.0,Aston Martin,True,False,False
STR,50.0,97.388,20.0,Aston Martin,True,False,False
STR,51.0,97.866,21.0,Aston Martin,True,False,False
STR,52.0,97.579,22.0,Aston Martin,True,False,False
STR,53.0,98.379,23.0,Aston Martin,True,False,False
STR,54.0,97.597,24.0,Aston Martin,True,False,False
STR,55.0,97.701,25.0,Aston Martin,True,False,False
STR,56.0,98.11,26.0,Aston Martin,True,False,False
STR,57.0,97.991,27.0,Aston Martin,True,False,False
SAR,2.0,100.467,2.0,Williams,False,False,True
SAR,3.0,100.349,3.0,Williams,False,False,True
SAR,14.0,98.413,2.0,Williams,False,False,True
SAR,15.0,99.033,3.0,Williams,False,False,True
SAR,16.0,98.988,4.0,Williams,False,False,True
SAR,17.0,99.439,5.0,Williams,False,False,True
SAR,18.0,99.399,6.0,Williams,False,False,True
SAR,19.0,99.22,7.0,Williams,False,False,True
SAR,20.0,99.186,8.0,Williams,False,False,True
SAR,21.0,99.612,9.0,Williams,False,False,True
SAR,22.0,99.362,10.0,Williams,False,False,True
SAR,23.0,99.692,11.0,Williams,False,False,True
SAR,24.0,99.872,12.0,Williams,False,False,True
SAR,25.0,99.834,13.0,Williams,False,False,True
SAR,26.0,100.006,14.0,Williams,False,False,True
SAR,27.0,99.602,15.0,Williams,False,False,True
SAR,28.0,99.62,16.0,Williams,False,False,True
SAR,29.0,99.673,17.0,Williams,False,False,True
SAR,32.0,97.613,2.0,Williams,True,False,False
SAR,33.0,97.862,3.0,Williams,True,False,False
SAR,34.0,97.902,4.0,Williams,True,False,False
SAR,35.0,98.029,5.0,Williams,True,False,False
SAR,36.0,97.717,6.0,Williams,True,False,False
SAR,37.0,97.831,7.0,Williams,True,False,False
SAR,38.0,98.015,8.0,Williams,True,False,False
SAR,39.0,97.971,9.0,Williams,True,False,False
SAR,42.0,96.037,2.0,Williams,False,False,True
SAR,43.0,96.801,3.0,Williams,False,False,True
SAR,44.0,97.407,4.0,Williams,False,False,True
SAR,45.0,97.462,5.0,Williams,False,False,True
SAR,46.0,98.441,6.0,Williams,False,False,True
SAR,47.0,97.227,7.0,Williams,False,False,True
SAR,48.0,97.068,8.0,Williams,False,False,True
SAR,49.0,97.225,9.0,Williams,False,False,True
SAR,50.0,97.29,10.0,Williams,False,False,True
SAR,51.0,97.472,11.0,Williams,False,False,True
SAR,52.0,97.456,12.0,Williams,False,False,True
SAR,53.0,97.662,13.0,Williams,False,False,True
SAR,54.0,97.936,14.0,Williams,False,False,True
SAR,55.0,98.316,15.0,Williams,False,False,True
SAR,56.0,99.626,16.0,Williams,False,False,True
MAG,17.0,98.319,2.0,Haas F1 Team,True,False,False
MAG,18.0,98.274,3.0,Haas F1 Team,True,False,False
MAG,19.0,98.803,4.0,Haas F1 Team,True,False,False
MAG,20.0,99.083,5.0,Haas F1 Team,True,False,False
MAG,21.0,99.086,6.0,Haas F1 Team,True,False,False
MAG,22.0,98.913,7.0,Haas F1 Team,True,False,False
MAG,23.0,99.027,8.0,Haas F1 Team,True,False,False
MAG,24.0,98.947,9.0,Haas F1 Team,True,False,False
MAG,25.0,99.476,10.0,Haas F1 Team,True,False,False
MAG,26.0,99.601,11.0,Haas F1 Team,True,False,False
MAG,27.0,99.298,12.0,Haas F1 Team,True,False,False
MAG,28.0,99.316,13.0,Haas F1 Team,True,False,False
MAG,31.0,98.593,2.0,Haas F1 Team,False,False,True
MAG,32.0,97.644,3.0,Haas F1 Team,False,False,True
MAG,33.0,97.097,4.0,Haas F1 Team,False,False,True
MAG,34.0,97.528,5.0,Haas F1 Team,False,False,True
MAG,35.0,97.46,6.0,Haas F1 Team,False,False,True
MAG,36.0,97.754,7.0,Haas F1 Team,False,False,True
MAG,37.0,97.998,8.0,Haas F1 Team,False,False,True
MAG,38.0,98.303,9.0,Haas F1 Team,False,False,True
MAG,39.0,98.587,10.0,Haas F1 Team,False,False,True
MAG,42.0,96.471,2.0,Haas F1 Team,False,False,True
MAG,43.0,96.942,3.0,Haas F1 Team,False,False,True
MAG,44.0,96.588,4.0,Haas F1 Team,False,False,True
MAG,45.0,97.126,5.0,Haas F1 Team,False,False,True
MAG,46.0,97.589,6.0,Haas F1 Team,False,False,True
MAG,47.0,97.629,7.0,Haas F1 Team,False,False,True
MAG,48.0,97.607,8.0,Haas F1 Team,False,False,True
MAG,49.0,97.739,9.0,Haas F1 Team,False,False,True
MAG,50.0,98.315,10.0,Haas F1 Team,False,False,True
MAG,51.0,98.157,11.0,Haas F1 Team,False,False,True
MAG,52.0,97.963,12.0,Haas F1 Team,False,False,True
MAG,53.0,97.982,13.0,Haas F1 Team,False,False,True
MAG,54.0,99.651,14.0,Haas F1 Team,False,False,True
MAG,55.0,98.446,15.0,Haas F1 Team,False,False,True
MAG,56.0,98.779,16.0,Haas F1 Team,False,False,True
DEV,4.0,100.373,4.0,AlphaTauri,False,False,True
DEV,13.0,98.924,2.0,AlphaTauri,True,False,False
DEV,14.0,98.829,3.0,AlphaTauri,True,False,False
DEV,15.0,98.868,4.0,AlphaTauri,True,False,False
DEV,16.0,99.127,5.0,AlphaTauri,True,False,False
DEV,17.0,98.996,6.0,AlphaTauri,True,False,False
DEV,18.0,99.054,7.0,AlphaTauri,True,False,False
DEV,19.0,99.078,8.0,AlphaTauri,True,False,False
DEV,20.0,99.182,9.0,AlphaTauri,True,False,False
DEV,21.0,99.182,10.0,AlphaTauri,True,False,False
DEV,22.0,99.296,11.0,AlphaTauri,True,False,False
DEV,23.0,99.542,12.0,AlphaTauri,True,False,False
DEV,24.0,99.807,13.0,AlphaTauri,True,False,False
DEV,26.0,99.97,15.0,AlphaTauri,True,False,False
DEV,29.0,98.121,2.0,AlphaTauri,True,False,False
DEV,30.0,97.709,3.0,AlphaTauri,True,False,False
DEV,31.0,97.909,4.0,AlphaTauri,True,False,False
DEV,32.0,97.902,5.0,AlphaTauri,True,False,False
DEV,33.0,97.933,6.0,AlphaTauri,True,False,False
DEV,34.0,98.266,7.0,AlphaTauri,True,False,False
DEV,35.0,98.123,8.0,AlphaTauri,True,False,False
DEV,36.0,98.206,9.0,AlphaTauri,True,False,False
DEV,37.0,98.423,10.0,AlphaTauri,True,False,False
DEV,38.0,98.379,11.0,AlphaTauri,True,False,False
DEV,39.0,98.535,12.0,AlphaTauri,True,False,False
DEV,42.0,99.873,15.0,AlphaTauri,True,False,False
DEV,43.0,100.177,16.0,AlphaTauri,True,False,False
DEV,44.0,99.588,17.0,AlphaTauri,True,False,False
DEV,45.0,98.889,18.0,AlphaTauri,True,False,False
DEV,46.0,98.871,19.0,AlphaTauri,True,False,False
DEV,47.0,98.921,20.0,AlphaTauri,True,False,False
DEV,48.0,100.441,21.0,AlphaTauri,True,False,False
DEV,49.0,98.985,22.0,AlphaTauri,True,False,False
DEV,50.0,99.089,23.0,AlphaTauri,True,False,False
DEV,51.0,100.475,24.0,AlphaTauri,True,False,False
DEV,52.0,100.33,25.0,AlphaTauri,True,False,False
DEV,53.0,99.15,26.0,AlphaTauri,True,False,False
DEV,54.0,98.885,27.0,AlphaTauri,True,False,False
DEV,55.0,99.239,28.0,AlphaTauri,True,False,False
DEV,56.0,99.161,29.0,AlphaTauri,True,False,False
TSU,3.0,100.243,3.0,AlphaTauri,False,False,True
TSU,4.0,99.95,4.0,AlphaTauri,False,False,True
TSU,12.0,99.143,2.0,AlphaTauri,True,False,False
TSU,13.0,99.471,3.0,AlphaTauri,True,False,False
TSU,14.0,98.742,4.0,AlphaTauri,True,False,False
TSU,15.0,98.975,5.0,AlphaTauri,True,False,False
TSU,16.0,99.061,6.0,AlphaTauri,True,False,False
TSU,17.0,99.021,7.0,AlphaTauri,True,False,False
TSU,18.0,99.302,8.0,AlphaTauri,True,False,False
TSU,19.0,99.17,9.0,AlphaTauri,True,False,False
TSU,20.0,99.282,10.0,AlphaTauri,True,False,False
TSU,21.0,99.325,11.0,AlphaTauri,True,False,False
TSU,22.0,99.439,12.0,AlphaTauri,True,False,False
TSU,23.0,99.632,13.0,AlphaTauri,True,False,False
TSU,24.0,100.109,14.0,AlphaTauri,True,False,False
TSU,25.0,99.746,15.0,AlphaTauri,True,False,False
TSU,28.0,97.824,2.0,AlphaTauri,True,False,False
TSU,29.0,97.779,3.0,AlphaTauri,True,False,False
TSU,30.0,98.147,4.0,AlphaTauri,True,False,False
TSU,31.0,97.813,5.0,AlphaTauri,True,False,False
TSU,32.0,98.017,6.0,AlphaTauri,True,False,False
TSU,33.0,98.094,7.0,AlphaTauri,True,False,False
TSU,34.0,98.13,8.0,AlphaTauri,True,False,False
TSU,35.0,98.163,9.0,AlphaTauri,True,False,False
TSU,36.0,98.059,10.0,AlphaTauri,True,False,False
TSU,37.0,98.075,11.0,AlphaTauri,True,False,False
TSU,38.0,98.084,12.0,AlphaTauri,True,False,False
TSU,39.0,98.419,13.0,AlphaTauri,True,False,False
TSU,42.0,96.637,5.0,AlphaTauri,False,False,True
TSU,43.0,97.028,6.0,AlphaTauri,False,False,True
TSU,44.0,97.01,7.0,AlphaTauri,False,False,True
TSU,45.0,97.021,8.0,AlphaTauri,False,False,True
TSU,46.0,97.258,9.0,AlphaTauri,False,False,True
TSU,47.0,97.359,10.0,AlphaTauri,False,False,True
TSU,48.0,97.238,11.0,AlphaTauri,False,False,True
TSU,49.0,97.528,12.0,AlphaTauri,False,False,True
TSU,50.0,97.624,13.0,AlphaTauri,False,False,True
TSU,51.0,97.706,14.0,AlphaTauri,False,False,True
TSU,52.0,97.59,15.0,AlphaTauri,False,False,True
TSU,53.0,97.675,16.0,AlphaTauri,False,False,True
TSU,54.0,97.72,17.0,AlphaTauri,False,False,True
TSU,55.0,97.945,18.0,AlphaTauri,False,False,True
TSU,56.0,98.102,19.0,AlphaTauri,False,False,True
TSU,57.0,98.246,20.0,AlphaTauri,False,False,True
ALB,2.0,100.43,2.0,Williams,False,False,True
ALB,3.0,100.143,3.0,Williams,False,False,True
ALB,4.0,99.761,4.0,Williams,False,False,True
ALB,13.0,98.649,2.0,Williams,False,False,True
ALB,14.0,98.472,3.0,Williams,False,False,True
ALB,15.0,99.158,4.0,Williams,False,False,True
ALB,16.0,99.253,5.0,Williams,False,False,True
ALB,17.0,99.094,6.0,Williams,False,False,True
ALB,18.0,99.049,7.0,Williams,False,False,True
ALB,19.0,99.272,8.0,Williams,False,False,True
ALB,20.0,99.299,9.0,Williams,False,False,True
ALB,21.0,99.591,10.0,Williams,False,False,True
ALB,22.0,99.588,11.0,Williams,False,False,True
ALB,23.0,99.802,12.0,Williams,False,False,True
ALB,24.0,99.89,13.0,Williams,False,False,True
ALB,25.0,99.832,14.0,Williams,False,False,True
ALB,28.0,97.503,2.0,Williams,True,False,False
ALB,29.0,98.127,3.0,Williams,True,False,False
ALB,30.0,97.931,4.0,Williams,True,False,False
ALB,31.0,98.104,5.0,Williams,True,False,False
ALB,32.0,97.919,6.0,Williams,True,False,False
ALB,33.0,98.104,7.0,Williams,True,False,False
ALB,34.0,97.961,8.0,Williams,True,False,False
ALB,35.0,97.984,9.0,Williams,True,False,False
ALB,36.0,98.176,10.0,Williams,True,False,False
ALB,37.0,98.038,11.0,Williams,True,False,False
ALB,38.0,98.33,12.0,Williams,True,False,False
ALB,39.0,98.346,13.0,Williams,True,False,False
ALB,42.0,97.211,2.0,Williams,False,False,True
ALB,43.0,97.144,3.0,Williams,False,False,True
ALB,44.0,97.327,4.0,Williams,False,False,True
ALB,45.0,97.503,5.0,Williams,False,False,True
ALB,46.0,97.577,6.0,Williams,False,False,True
ALB,47.0,97.545,7.0,Williams,False,False,True
ALB,48.0,97.684,8.0,Williams,False,False,True
ALB,49.0,97.609,9.0,Williams,False,False,True
ALB,50.0,97.695,10.0,Williams,False,False,True
ALB,51.0,97.727,11.0,Williams,False,False,True
ALB,52.0,97.861,12.0,Williams,False,False,True
ALB,53.0,97.778,13.0,Williams,False,False,True
ALB,54.0,97.78,14.0,Williams,False,False,True
ALB,55.0,97.803,15.0,Williams,False,False,True
ALB,56.0,98.159,16.0,Williams,False,False,True
ALB,57.0,98.137,17.0,Williams,False,False,True
ZHO,14.0,99.33,2.0,Alfa Romeo,True,False,False
ZHO,15.0,99.229,3.0,Alfa Romeo,True,False,False
ZHO,16.0,98.998,4.0,Alfa Romeo,True,False,False
ZHO,17.0,99.143,5.0,Alfa Romeo,True,False,False
ZHO,18.0,98.873,6.0,Alfa Romeo,True,False,False
ZHO,19.0,98.794,7.0,Alfa Romeo,True,False,False
ZHO,20.0,98.896,8.0,Alfa Romeo,True,False,False
ZHO,21.0,98.888,9.0,Alfa Romeo,True,False,False
ZHO,22.0,99.115,10.0,Alfa Romeo,True,False,False
ZHO,23.0,99.462,11.0,Alfa Romeo,True,False,False
ZHO,24.0,99.503,12.0,Alfa Romeo,True,False,False
ZHO,25.0,99.066,13.0,Alfa Romeo,True,False,False
ZHO,26.0,99.427,14.0,Alfa Romeo,True,False,False
ZHO,27.0,99.235,15.0,Alfa Romeo,True,False,False
ZHO,28.0,99.412,16.0,Alfa Romeo,True,False,False
ZHO,29.0,99.361,17.0,Alfa Romeo,True,False,False
ZHO,30.0,99.382,18.0,Alfa Romeo,True,False,False
ZHO,31.0,99.67,19.0,Alfa Romeo,True,False,False
ZHO,34.0,97.037,5.0,Alfa Romeo,False,False,True
ZHO,35.0,97.55,6.0,Alfa Romeo,False,False,True
ZHO,36.0,97.957,7.0,Alfa Romeo,False,False,True
ZHO,37.0,98.003,8.0,Alfa Romeo,False,False,True
ZHO,38.0,98.422,9.0,Alfa Romeo,False,False,True
ZHO,39.0,98.368,10.0,Alfa Romeo,False,False,True
ZHO,42.0,99.904,13.0,Alfa Romeo,False,False,True
ZHO,43.0,98.311,14.0,Alfa Romeo,False,False,True
ZHO,44.0,97.974,15.0,Alfa Romeo,False,False,True
ZHO,45.0,97.95,16.0,Alfa Romeo,False,False,True
ZHO,46.0,98.336,17.0,Alfa Romeo,False,False,True
ZHO,47.0,99.553,18.0,Alfa Romeo,False,False,True
ZHO,48.0,98.596,19.0,Alfa Romeo,False,False,True
ZHO,49.0,98.628,20.0,Alfa Romeo,False,False,True
ZHO,50.0,99.893,21.0,Alfa Romeo,False,False,True
ZHO,51.0,98.719,22.0,Alfa Romeo,False,False,True
ZHO,52.0,98.713,23.0,Alfa Romeo,False,False,True
ZHO,53.0,98.634,24.0,Alfa Romeo,False,False,True
ZHO,56.0,93.996,5.0,Alfa Romeo,False,False,True
HUL,3.0,100.484,6.0,Haas F1 Team,False,False,True
HUL,13.0,99.406,2.0,Haas F1 Team,True,False,False
HUL,14.0,98.847,3.0,Haas F1 Team,True,False,False
HUL,15.0,98.972,4.0,Haas F1 Team,True,False,False
HUL,16.0,99.136,5.0,Haas F1 Team,True,False,False
HUL,17.0,99.396,6.0,Haas F1 Team,True,False,False
HUL,18.0,100.323,7.0,Haas F1 Team,True,False,False
HUL,19.0,99.633,8.0,Haas F1 Team,True,False,False
HUL,20.0,99.495,9.0,Haas F1 Team,True,False,False
HUL,21.0,99.703,10.0,Haas F1 Team,True,False,False
HUL,22.0,99.934,11.0,Haas F1 Team,True,False,False
HUL,23.0,99.866,12.0,Haas F1 Team,True,False,False
HUL,24.0,99.855,13.0,Haas F1 Team,True,False,False
HUL,25.0,100.295,14.0,Haas F1 Team,True,False,False
HUL,28.0,96.981,2.0,Haas F1 Team,True,False,False
HUL,29.0,97.398,3.0,Haas F1 Team,True,False,False
HUL,30.0,97.617,4.0,Haas F1 Team,True,False,False
HUL,31.0,97.891,5.0,Haas F1 Team,True,False,False
HUL,32.0,97.806,6.0,Haas F1 Team,True,False,False
HUL,33.0,97.761,7.0,Haas F1 Team,True,False,False
HUL,34.0,97.895,8.0,Haas F1 Team,True,False,False
HUL,35.0,98.093,9.0,Haas F1 Team,True,False,False
HUL,36.0,98.245,10.0,Haas F1 Team,True,False,False
HUL,37.0,98.108,11.0,Haas F1 Team,True,False,False
HUL,38.0,98.191,12.0,Haas F1 Team,True,False,False
HUL,39.0,98.184,13.0,Haas F1 Team,True,False,False
HUL,42.0,96.616,5.0,Haas F1 Team,False,False,True
HUL,43.0,96.793,6.0,Haas F1 Team,False,False,True
HUL,44.0,97.076,7.0,Haas F1 Team,False,False,True
HUL,45.0,97.314,8.0,Haas F1 Team,False,False,True
HUL,46.0,99.972,9.0,Haas F1 Team,False,False,True
HUL,47.0,96.806,10.0,Haas F1 Team,False,False,True
HUL,48.0,97.086,11.0,Haas F1 Team,False,False,True
HUL,49.0,97.077,12.0,Haas F1 Team,False,False,True
HUL,50.0,97.242,13.0,Haas F1 Team,False,False,True
HUL,51.0,97.306,14.0,Haas F1 Team,False,False,True
HUL,52.0,97.917,15.0,Haas F1 Team,False,False,True
HUL,53.0,98.067,16.0,Haas F1 Team,False,False,True
HUL,54.0,98.458,17.0,Haas F1 Team,False,False,True
HUL,55.0,98.564,18.0,Haas F1 Team,False,False,True
HUL,56.0,99.206,19.0,Haas F1 Team,False,False,True
OCO,2.0,100.408,5.0,Alpine,False,False,True
OCO,3.0,99.948,6.0,Alpine,False,False,True
OCO,4.0,99.543,7.0,Alpine,False,False,True
OCO,5.0,100.281,8.0,Alpine,False,False,True
OCO,6.0,100.331,9.0,Alpine,False,False,True
OCO,7.0,100.488,10.0,Alpine,False,False,True
OCO,8.0,100.562,11.0,Alpine,False,False,True
OCO,14.0,98.649,2.0,Alpine,True,False,False
OCO,17.0,98.78,5.0,Alpine,True,False,False
OCO,18.0,98.886,6.0,Alpine,True,False,False
OCO,19.0,98.817,7.0,Alpine,True,False,False
OCO,20.0,98.809,8.0,Alpine,True,False,False
OCO,21.0,98.976,9.0,Alpine,True,False,False
OCO,22.0,99.028,10.0,Alpine,True,False,False
OCO,23.0,100.052,11.0,Alpine,True,False,False
OCO,24.0,99.382,12.0,Alpine,True,False,False
OCO,25.0,99.435,13.0,Alpine,True,False,False
OCO,26.0,99.521,14.0,Alpine,True,False,False
OCO,27.0,99.594,15.0,Alpine,True,False,False
OCO,28.0,100.026,16.0,Alpine,True,False,False
OCO,30.0,99.757,18.0,Alpine,True,False,False
OCO,31.0,99.748,19.0,Alpine,True,False,False
OCO,34.0,96.797,2.0,Alpine,True,False,False
OCO,35.0,96.964,3.0,Alpine,True,False,False
OCO,36.0,97.364,4.0,Alpine,True,False,False
OCO,37.0,97.338,5.0,Alpine,True,False,False
OCO,38.0,97.216,6.0,Alpine,True,False,False
OCO,39.0,97.523,7.0,Alpine,True,False,False
NOR,2.0,100.433,2.0,McLaren,False,False,True
NOR,3.0,99.777,3.0,McLaren,False,False,True
NOR,12.0,99.314,2.0,McLaren,True,False,False
NOR,13.0,99.51,3.0,McLaren,True,False,False
NOR,14.0,99.243,4.0,McLaren,True,False,False
NOR,15.0,98.87,5.0,McLaren,True,False,False
NOR,16.0,98.86,6.0,McLaren,True,False,False
NOR,19.0,97.966,5.0,McLaren,False,False,True
NOR,20.0,98.345,6.0,McLaren,False,False,True
NOR,21.0,98.297,7.0,McLaren,False,False,True
NOR,22.0,98.908,8.0,McLaren,False,False,True
NOR,23.0,98.291,9.0,McLaren,False,False,True
NOR,24.0,98.696,10.0,McLaren,False,False,True
NOR,25.0,98.447,11.0,McLaren,False,False,True
NOR,26.0,98.44,12.0,McLaren,False,False,True
NOR,29.0,97.26,2.0,McLaren,False,True,False
NOR,30.0,97.605,3.0,McLaren,False,True,False
NOR,31.0,97.768,4.0,McLaren,False,True,False
NOR,32.0,98.111,5.0,McLaren,False,True,False
NOR,33.0,97.52,6.0,McLaren,False,True,False
NOR,34.0,97.987,7.0,McLaren,False,True,False
NOR,35.0,97.87,8.0,McLaren,False,True,False
NOR,36.0,99.886,9.0,McLaren,False,True,False
NOR,37.0,100.197,10.0,McLaren,False,True,False
NOR,39.0,98.347,2.0,McLaren,True,False,False
NOR,41.0,96.705,4.0,McLaren,True,False,False
NOR,42.0,96.668,5.0,McLaren,True,False,False
NOR,43.0,96.687,6.0,McLaren,True,False,False
NOR,44.0,97.219,7.0,McLaren,True,False,False
NOR,45.0,97.426,8.0,McLaren,True,False,False
NOR,46.0,97.656,9.0,McLaren,True,False,False
NOR,47.0,100.433,10.0,McLaren,True,False,False
NOR,49.0,99.08,6.0,McLaren,False,False,True
NOR,50.0,95.257,7.0,McLaren,False,False,True
NOR,51.0,95.822,8.0,McLaren,False,False,True
NOR,52.0,96.152,9.0,McLaren,False,False,True
NOR,53.0,96.5,10.0,McLaren,False,False,True
NOR,54.0,99.789,11.0,McLaren,False,False,True
HAM,2.0,99.166,5.0,Mercedes,False,False,True
HAM,3.0,99.22,6.0,Mercedes,False,False,True
HAM,4.0,99.198,7.0,Mercedes,False,False,True
HAM,5.0,99.335,8.0,Mercedes,False,False,True
HAM,6.0,99.756,9.0,Mercedes,False,False,True
HAM,7.0,99.757,10.0,Mercedes,False,False,True
HAM,8.0,100.267,11.0,Mercedes,False,False,True
HAM,9.0,100.323,12.0,Mercedes,False,False,True
HAM,10.0,100.289,13.0,Mercedes,False,False,True
HAM,14.0,98.308,2.0,Mercedes,True,False,False
HAM,15.0,98.527,3.0,Mercedes,True,False,False
HAM,16.0,98.617,4.0,Mercedes,True,False,False
HAM,17.0,98.704,5.0,Mercedes,True,False,False
HAM,18.0,98.69,6.0,Mercedes,True,False,False
HAM,19.0,98.684,7.0,Mercedes,True,False,False
HAM,20.0,98.478,8.0,Mercedes,True,False,False
HAM,21.0,98.581,9.0,Mercedes,True,False,False
HAM,22.0,98.46,10.0,Mercedes,True,False,False
HAM,23.0,98.384,11.0,Mercedes,True,False,False
HAM,24.0,98.367,12.0,Mercedes,True,False,False
HAM,25.0,98.29,13.0,Mercedes,True,False,False
HAM,26.0,98.339,14.0,Mercedes,True,False,False
HAM,27.0,98.369,15.0,Mercedes,True,False,False
HAM,28.0,98.265,16.0,Mercedes,True,False,False
HAM,29.0,98.38,17.0,Mercedes,True,False,False
HAM,32.0,97.563,2.0,Mercedes,True,False,False
HAM,33.0,97.549,3.0,Mercedes,True,False,False
HAM,34.0,98.135,4.0,Mercedes,True,False,False
HAM,35.0,96.831,5.0,Mercedes,True,False,False
HAM,36.0,96.546,6.0,Mercedes,True,False,False
HAM,37.0,97.388,7.0,Mercedes,True,False,False
HAM,38.0,98.304,8.0,Mercedes,True,False,False
HAM,39.0,97.478,9.0,Mercedes,True,False,False
HAM,40.0,97.494,10.0,Mercedes,True,False,False
HAM,42.0,97.061,12.0,Mercedes,True,False,False
HAM,43.0,97.111,13.0,Mercedes,True,False,False
HAM,44.0,97.048,14.0,Mercedes,True,False,False
HAM,45.0,97.661,15.0,Mercedes,True,False,False
HAM,46.0,97.779,16.0,Mercedes,True,False,False
HAM,47.0,98.517,17.0,Mercedes,True,False,False
HAM,48.0,97.844,18.0,Mercedes,True,False,False
HAM,49.0,97.954,19.0,Mercedes,True,False,False
HAM,50.0,97.77,20.0,Mercedes,True,False,False
HAM,51.0,98.014,21.0,Mercedes,True,False,False
HAM,52.0,97.803,22.0,Mercedes,True,False,False
HAM,53.0,97.988,23.0,Mercedes,True,False,False
HAM,54.0,98.076,24.0,Mercedes,True,False,False
HAM,55.0,97.955,25.0,Mercedes,True,False,False
HAM,56.0,98.111,26.0,Mercedes,True,False,False
HAM,57.0,98.255,27.0,Mercedes,True,False,False
SAI,2.0,98.933,5.0,Ferrari,False,False,True
SAI,3.0,99.042,6.0,Ferrari,False,False,True
SAI,4.0,98.985,7.0,Ferrari,False,False,True
SAI,5.0,99.128,8.0,Ferrari,False,False,True
SAI,6.0,99.474,9.0,Ferrari,False,False,True
SAI,7.0,99.502,10.0,Ferrari,False,False,True
SAI,8.0,99.779,11.0,Ferrari,False,False,True
SAI,9.0,99.744,12.0,Ferrari,False,False,True
SAI,10.0,100.102,13.0,Ferrari,False,False,True
SAI,11.0,100.507,14.0,Ferrari,False,False,True
SAI,12.0,100.52,15.0,Ferrari,False,False,True
SAI,15.0,97.985,2.0,Ferrari,True,False,False
SAI,16.0,98.433,3.0,Ferrari,True,False,False
SAI,17.0,98.161,4.0,Ferrari,True,False,False
SAI,18.0,98.287,5.0,Ferrari,True,False,False
SAI,19.0,98.21,6.0,Ferrari,True,False,False
SAI,20.0,98.096,7.0,Ferrari,True,False,False
SAI,21.0,98.24,8.0,Ferrari,True,False,False
SAI,22.0,98.453,9.0,Ferrari,True,False,False
SAI,23.0,98.597,10.0,Ferrari,True,False,False
SAI,24.0,98.314,11.0,Ferrari,True,False,False
SAI,25.0,98.571,12.0,Ferrari,True,False,False
SAI,26.0,98.331,13.0,Ferrari,True,False,False
SAI,27.0,98.423,14.0,Ferrari,True,False,False
SAI,28.0,98.474,15.0,Ferrari,True,False,False
SAI,29.0,98.55,16.0,Ferrari,True,False,False
SAI,30.0,98.601,17.0,Ferrari,True,False,False
SAI,33.0,97.548,2.0,Ferrari,True,False,False
SAI,34.0,97.475,3.0,Ferrari,True,False,False
SAI,35.0,97.441,4.0,Ferrari,True,False,False
SAI,36.0,97.706,5.0,Ferrari,True,False,False
SAI,37.0,97.13,6.0,Ferrari,True,False,False
SAI,38.0,97.444,7.0,Ferrari,True,False,False
SAI,39.0,97.403,8.0,Ferrari,True,False,False
SAI,40.0,97.587,9.0,Ferrari,True,False,False
SAI,42.0,97.375,11.0,Ferrari,True,False,False
SAI,43.0,97.294,12.0,Ferrari,True,False,False
SAI,44.0,97.389,13.0,Ferrari,True,False,False
SAI,45.0,99.561,14.0,Ferrari,True,False,False
SAI,46.0,97.844,15.0,Ferrari,True,False,False
SAI,47.0,98.222,16.0,Ferrari,True,False,False
SAI,48.0,97.897,17.0,Ferrari,True,False,False
SAI,49.0,97.765,18.0,Ferrari,True,False,False
SAI,50.0,97.604,19.0,Ferrari,True,False,False
SAI,51.0,97.672,20.0,Ferrari,True,False,False
SAI,52.0,97.49,21.0,Ferrari,True,False,False
SAI,53.0,97.66,22.0,Ferrari,True,False,False
SAI,54.0,97.694,23.0,Ferrari,True,False,False
SAI,55.0,97.821,24.0,Ferrari,True,False,False
SAI,56.0,98.126,25.0,Ferrari,True,False,False
SAI,57.0,98.021,26.0,Ferrari,True,False,False
RUS,2.0,99.59,5.0,Mercedes,False,False,True
RUS,3.0,99.093,6.0,Mercedes,False,False,True
RUS,4.0,99.261,7.0,Mercedes,False,False,True
RUS,5.0,99.549,8.0,Mercedes,False,False,True
RUS,6.0,99.493,9.0,Mercedes,False,False,True
RUS,7.0,100.056,10.0,Mercedes,False,False,True
RUS,8.0,100.31,11.0,Mercedes,False,False,True
RUS,9.0,100.42,12.0,Mercedes,False,False,True
RUS,10.0,100.532,13.0,Mercedes,False,False,True
RUS,15.0,97.46,2.0,Mercedes,True,False,False
RUS,16.0,97.833,3.0,Mercedes,True,False,False
RUS,17.0,98.604,4.0,Mercedes,True,False,False
RUS,18.0,98.427,5.0,Mercedes,True,False,False
RUS,19.0,98.512,6.0,Mercedes,True,False,False
RUS,20.0,98.578,7.0,Mercedes,True,False,False
RUS,21.0,98.555,8.0,Mercedes,True,False,False
RUS,22.0,98.438,9.0,Mercedes,True,False,False
RUS,23.0,98.773,10.0,Mercedes,True,False,False
RUS,24.0,98.643,11.0,Mercedes,True,False,False
RUS,25.0,98.487,12.0,Mercedes,True,False,False
RUS,26.0,98.462,13.0,Mercedes,True,False,False
RUS,27.0,98.625,14.0,Mercedes,True,False,False
RUS,28.0,98.448,15.0,Mercedes,True,False,False
RUS,29.0,98.792,16.0,Mercedes,True,False,False
RUS,30.0,98.541,17.0,Mercedes,True,False,False
RUS,33.0,97.221,2.0,Mercedes,True,False,False
RUS,34.0,97.311,3.0,Mercedes,True,False,False
RUS,35.0,97.592,4.0,Mercedes,True,False,False
RUS,36.0,97.607,5.0,Mercedes,True,False,False
RUS,37.0,97.822,6.0,Mercedes,True,False,False
RUS,38.0,97.66,7.0,Mercedes,True,False,False
RUS,39.0,97.495,8.0,Mercedes,True,False,False
RUS,40.0,98.085,9.0,Mercedes,True,False,False
RUS,42.0,97.035,11.0,Mercedes,True,False,False
RUS,43.0,97.48,12.0,Mercedes,True,False,False
RUS,44.0,97.597,13.0,Mercedes,True,False,False
RUS,45.0,97.316,14.0,Mercedes,True,False,False
RUS,46.0,97.571,15.0,Mercedes,True,False,False
RUS,47.0,97.432,16.0,Mercedes,True,False,False
RUS,48.0,97.52,17.0,Mercedes,True,False,False
RUS,49.0,97.718,18.0,Mercedes,True,False,False
RUS,50.0,97.383,19.0,Mercedes,True,False,False
RUS,51.0,97.825,20.0,Mercedes,True,False,False
RUS,52.0,97.589,21.0,Mercedes,True,False,False
RUS,53.0,97.841,22.0,Mercedes,True,False,False
RUS,54.0,97.923,23.0,Mercedes,True,False,False
RUS,55.0,97.86,24.0,Mercedes,True,False,False
RUS,56.0,97.636,25.0,Mercedes,True,False,False
RUS,57.0,97.767,26.0,Mercedes,True,False,False
BOT,2.0,99.956,2.0,Alfa Romeo,False,False,True
BOT,3.0,99.397,3.0,Alfa Romeo,False,False,True
BOT,4.0,99.823,4.0,Alfa Romeo,False,False,True
BOT,6.0,100.265,6.0,Alfa Romeo,False,False,True
BOT,7.0,100.564,7.0,Alfa Romeo,False,False,True
BOT,8.0,100.387,8.0,Alfa Romeo,False,False,True
BOT,9.0,100.275,9.0,Alfa Romeo,False,False,True
BOT,13.0,98.03,2.0,Alfa Romeo,True,False,False
BOT,14.0,98.098,3.0,Alfa Romeo,True,False,False
BOT,15.0,98.851,4.0,Alfa Romeo,True,False,False
BOT,16.0,98.494,5.0,Alfa Romeo,True,False,False
BOT,17.0,99.973,6.0,Alfa Romeo,True,False,False
BOT,18.0,100.24,7.0,Alfa Romeo,True,False,False
BOT,19.0,99.497,8.0,Alfa Romeo,True,False,False
BOT,20.0,100.442,9.0,Alfa Romeo,True,False,False
BOT,21.0,99.355,10.0,Alfa Romeo,True,False,False
BOT,22.0,99.356,11.0,Alfa Romeo,True,False,False
BOT,23.0,99.311,12.0,Alfa Romeo,True,False,False
BOT,24.0,99.427,13.0,Alfa Romeo,True,False,False
BOT,25.0,99.49,14.0,Alfa Romeo,True,False,False
BOT,26.0,99.5,15.0,Alfa Romeo,True,False,False
BOT,27.0,99.287,16.0,Alfa Romeo,True,False,False
BOT,28.0,99.016,17.0,Alfa Romeo,True,False,False
BOT,31.0,97.379,2.0,Alfa Romeo,True,False,False
BOT,32.0,97.675,3.0,Alfa Romeo,True,False,False
BOT,33.0,97.775,4.0,Alfa Romeo,True,False,False
BOT,34.0,97.774,5.0,Alfa Romeo,True,False,False
BOT,35.0,97.817,6.0,Alfa Romeo,True,False,False
BOT,36.0,97.827,7.0,Alfa Romeo,True,False,False
BOT,37.0,97.774,8.0,Alfa Romeo,True,False,False
BOT,38.0,97.658,9.0,Alfa Romeo,True,False,False
BOT,39.0,97.784,10.0,Alfa Romeo,True,False,False
BOT,42.0,97.736,13.0,Alfa Romeo,True,False,False
BOT,43.0,97.813,14.0,Alfa Romeo,True,False,False
BOT,44.0,97.868,15.0,Alfa Romeo,True,False,False
BOT,45.0,97.688,16.0,Alfa Romeo,True,False,False
BOT,46.0,97.83,17.0,Alfa Romeo,True,False,False
BOT,47.0,97.815,18.0,Alfa Romeo,True,False,False
BOT,48.0,97.5,19.0,Alfa Romeo,True,False,False
BOT,49.0,97.85,20.0,Alfa Romeo,True,False,False
BOT,50.0,97.71,21.0,Alfa Romeo,True,False,False
BOT,51.0,97.816,22.0,Alfa Romeo,True,False,False
BOT,52.0,97.947,23.0,Alfa Romeo,True,False,False
BOT,53.0,97.856,24.0,Alfa Romeo,True,False,False
BOT,54.0,97.738,25.0,Alfa Romeo,True,False,False
BOT,55.0,97.807,26.0,Alfa Romeo,True,False,False
BOT,56.0,98.16,27.0,Alfa Romeo,True,False,False
BOT,57.0,98.407,28.0,Alfa Romeo,True,False,False
